{
  "Profiles" : [
    {
      "Name" : "MacOS Colors Solarized Dark Patched",
      "Guid" : "F3DE1874-239B-4C2E-A94A-C73666C2BD62",
      "Dynamic Profile Parent Name" : "MacOS Keys",
      "Use Bright Bold" : true,
      "Use Tab Color" : false,
      "Brighten Bold Text" : true,
      "Use Underline Color" : false,
      "Minimum Contrast" : 0,
      "Use Cursor Guide" : false,
      "Smart Cursor Color" : false,
      "Cursor Boost" : 0,
      "Ansi 0 Color" : {
        "Red Component" : 0,
        "Blue Component" : 0.19370138645172119,
        "Green Component" : 0.15575926005840302
      },
      "Ansi 1 Color" : {
        "Red Component" : 0.81926977634429932,
        "Blue Component" : 0.14145714044570923,
        "Green Component" : 0.10840655118227005
      },
      "Ansi 2 Color" : {
        "Red Component" : 0.44977453351020813,
        "Blue Component" : 0.020208755508065224,
        "Green Component" : 0.54115492105484009
      },
      "Ansi 3 Color" : {
        "Red Component" : 0.64746475219726562,
        "Blue Component" : 0.023484811186790466,
        "Green Component" : 0.46751424670219421
      },
      "Ansi 4 Color" : {
        "Red Component" : 0.12754884362220764,
        "Blue Component" : 0.78231418132781982,
        "Green Component" : 0.46265947818756104
      },
      "Ansi 5 Color" : {
        "Red Component" : 0.77738940715789795,
        "Blue Component" : 0.43516635894775391,
        "Green Component" : 0.10802463442087173
      },
      "Ansi 6 Color" : {
        "Red Component" : 0.14679534733295441,
        "Blue Component" : 0.52502274513244629,
        "Green Component" : 0.57082360982894897
      },
      "Ansi 7 Color" : {
        "Red Component" : 0.91611063480377197,
        "Blue Component" : 0.79781103134155273,
        "Green Component" : 0.89001238346099854
      },
      "Ansi 8 Color" : {
        "Red Component" : 0.27671992778778076,
        "Blue Component" : 0.38298487663269043,
        "Green Component" : 0.35665956139564514
      },
      "Ansi 9 Color" : {
        "Red Component" : 0.74176257848739624,
        "Blue Component" : 0.073530435562133789,
        "Green Component" : 0.21325300633907318
      },
      "Ansi 10 Color" : {
        "Red Component" : 0.27671992778778076,
        "Blue Component" : 0.38298487663269043,
        "Green Component" : 0.35665956139564514
      },
      "Ansi 11 Color" : {
        "Red Component" : 0.32436618208885193,
        "Blue Component" : 0.43850564956665039,
        "Green Component" : 0.40717673301696777
      },
      "Ansi 12 Color" : {
        "Red Component" : 0.44058024883270264,
        "Blue Component" : 0.51685798168182373,
        "Green Component" : 0.50962930917739868
      },
      "Ansi 13 Color" : {
        "Red Component" : 0.34798634052276611,
        "Blue Component" : 0.72908437252044678,
        "Green Component" : 0.33896297216415405
      },
      "Ansi 14 Color" : {
        "Red Component" : 0.50599193572998047,
        "Blue Component" : 0.56363654136657715,
        "Green Component" : 0.56485837697982788
      },
      "Ansi 15 Color" : {
        "Red Component" : 0.98943418264389038,
        "Blue Component" : 0.86405980587005615,
        "Green Component" : 0.95794391632080078
      },
      "Background Color" : {
        "Red Component" : 0,
        "Blue Component" : 0.15170273184776306,
        "Green Component" : 0.11783610284328461
      },
      "Bold Color" : {
        "Red Component" : 0.50599193572998047,
        "Blue Component" : 0.56363654136657715,
        "Green Component" : 0.56485837697982788
      },
      "Badge Color" : {
        "Red Component" : 1,
        "Color Space" : "sRGB",
        "Blue Component" : 0,
        "Alpha Component" : 0.5,
        "Green Component" : 0.1491314172744751
      },
      "Link Color" : {
        "Red Component" : 0,
        "Color Space" : "sRGB",
        "Blue Component" : 0.73423302173614502,
        "Alpha Component" : 1,
        "Green Component" : 0.35916060209274292
      },
      "Cursor Guide Color" : {
        "Red Component" : 0.70213186740875244,
        "Color Space" : "sRGB",
        "Blue Component" : 1,
        "Alpha Component" : 0.25,
        "Green Component" : 0.9268307089805603
      },
      "Cursor Color" : {
        "Red Component" : 0.44058024883270264,
        "Blue Component" : 0.51685798168182373,
        "Green Component" : 0.50962930917739868
      },
      "Cursor Text Color" : {
        "Red Component" : 0,
        "Blue Component" : 0.19370138645172119,
        "Green Component" : 0.15575926005840302
      },
      "Foreground Color" : {
        "Red Component" : 0.44058024883270264,
        "Blue Component" : 0.51685798168182373,
        "Green Component" : 0.50962930917739868
      },
      "Selected Text Color" : {
        "Red Component" : 0.50599193572998047,
        "Blue Component" : 0.56363654136657715,
        "Green Component" : 0.56485837697982788
      },
      "Selection Color" : {
        "Red Component" : 0,
        "Blue Component" : 0.19370138645172119,
        "Green Component" : 0.15575926005840302
      }
    }
  ]
}
